Sample,Pluton or Unit,Classification,Reference,SiO2,Al2O3,Fe2O3,MgO,CaO,Na2O,K2O,TiO2,MnO,P2O5,LOI,Sum,Cs,Rb,Ba,Th,U,Nb,Ta,La,Ce,Pb,Pr,Sr,Nd,Zr,Hf,Sm,Eu,Gd,Tb,Dy,Y,Ho,Er,Tm,Yb,Lu,Sc,V,Cr,Co,Ni,Ga
HRG-2,GHR,Bt-(Ms-)granite,L2012,74.52,13.45,1.18,0.17,0.82,3.90,4.93,0.12,0.01,0.04,0.43,99.69,15.6,157,1214,13.2,1.7,4.2,0.2,33.3,69.1,25.8,7.69,226,28.2,106,3.6,6.06,0.99,6.00,0.98,5.95,35.9,1.18,3.47,0.50,3.14,0.46,2,7,6,1,2,18
MTL-40b,GHR,Bt-(Ms-)granite,L2012,72.77,13.91,1.17,0.29,0.87,3.95,5.51,0.22,0.02,0.08,0.51,99.43,,,,,,,,,,,,,,,,,,,,,,,,,,,,,,,,
DWK-01,GLD,Bt-(Ms-)granite,L2012,70.34,14.81,1.90,0.57,1.67,4.39,4.33,0.36,0.02,0.12,0.75,99.38,1.6,127,1031,21.3,1.3,6.2,0.1,80.8,154.0,24.8,16.77,242,56.0,331,9.4,8.14,1.04,5.04,0.60,2.35,9.9,0.40,1.05,0.12,0.84,0.13,4,22,23,3,12,20
DWK-02,GLD,Bt-(Ms-)granite,L2012,73.63,14.70,0.93,0.22,1.27,5.24,3.29,0.12,0.02,0.05,0.51,100.05,1.4,88,601,11.5,1.1,4.2,0.2,17.5,31.1,33.9,3.28,278,11.6,117,3.7,2.21,0.56,1.57,0.19,0.90,4.1,0.15,0.36,0.05,0.29,0.05,2,3,8,1,1,18
DWK-05,GLD,Bt-(Ms-)granite,L2012,72.54,14.49,1.34,0.35,1.34,4.33,3.66,0.26,0.02,0.07,0.69,99.59,,,,,,,,,,,,,,,,,,,,,,,,,,,,,,,,
DWK-06,GLD,Bt-(Ms-)granite,L2012,73.37,13.67,1.03,0.29,1.13,4.78,3.26,0.15,0.02,0.05,1.20,99.04,4.8,133,674,4.7,1.5,6.8,0.5,23.1,41.8,21.0,4.50,281,15.7,119,3.5,2.78,0.67,2.35,0.36,2.06,13.6,0.43,1.34,0.21,1.49,0.22,2,7,12,1,5,18
DWK-07,GLD,Bt-(Ms-)granite,L2012,71.73,14.54,1.66,0.46,1.69,4.01,4.43,0.34,0.03,0.10,0.89,100.10,,,,,,,,,,,,,,,,,,,,,,,,,,,,,,,,
TR 67,GLD,Bt-(Ms-)granite,KR2000,73.49,14.63,0.59,0.09,0.87,4.30,5.14,0.12,0.01,0.02,0.20,,,124,717,,,3.0,,,,,,245,,46,,,,,,,12.0,,,,,,,2,12,,,15
TR 68,GLD,Bt-(Ms-)granite,KR2000,72.51,15.01,0.89,0.13,1.26,4.72,4.21,0.12,0.01,0.04,0.17,,,100,822,,,5.0,,,,,,435,,71,,,,,,,6.0,,,,,,,8,6,,,18
T-10,Turfloop,Bt-(Ms-)granite,H2000,73.90,14.30,1.25,0.27,1.11,4.27,3.90,0.14,0.01,0.05,0.75,,3.2,194,570,12.8,2.5,8.8,0.9,33.1,55.5,31.7,5.30,164,17.5,125,3.2,3.00,0.51,1.73,0.24,1.17,6.1,0.20,0.49,0.07,0.40,0.06,,,,,,
T-15,Turfloop,Bt-(Ms-)granite,H2000,72.30,13.90,1.53,0.47,1.73,4.04,4.21,0.21,0.02,0.07,0.45,,9.8,250,459,13.3,2.8,14.6,1.5,34.9,66.4,22.6,6.90,151,23.9,143,4.2,4.90,0.49,3.49,0.59,3.34,18.2,0.63,1.76,0.25,1.50,0.23,,,,,,
T-3,Turfloop,Bt-(Ms-)granite,H2000,69.10,15.00,2.82,1.06,2.27,4.46,3.53,0.62,0.03,0.24,0.50,,5.5,170,1138,7.9,3.0,14.9,1.1,86.6,144.6,21.4,14.10,631,45.8,317,8.3,6.70,1.05,4.02,0.64,3.80,27.9,0.80,2.45,0.36,2.09,0.30,,,,,,
T-4,Turfloop,Bt-(Ms-)granite,H2000,72.70,14.30,1.31,0.63,1.64,3.92,4.28,0.21,0.01,0.10,0.45,,,,,,,,,,,,,,,,,,,,,,,,,,,,,,,,,
T-5,Turfloop,Bt-(Ms-)granite,H2000,71.30,14.20,1.91,0.50,1.30,3.70,3.97,0.38,0.02,0.10,0.40,,4.3,210,741,10.3,1.3,9.8,0.5,41.5,75.8,28.5,7.60,184,46.1,164,4.9,4.60,0.67,3.09,0.51,2.88,15.4,0.55,1.44,0.20,1.15,0.17,,,,,,
T-6,Turfloop,Bt-(Ms-)granite,H2000,75.10,14.30,0.69,0.13,1.02,4.67,3.46,0.05,nd,0.03,0.15,,5.1,240,744,12.0,1.5,9.8,0.6,65.1,123.7,23.5,12.80,154,44.5,263,6.4,8.10,0.79,4.78,0.69,3.65,17.9,0.67,1.73,0.23,1.36,0.21,,,,,,
T-7,Turfloop,Bt-(Ms-)granite,H2000,,,,,,,,,,,,,5.7,156,274,5.1,5.8,3.3,0.3,6.6,11.9,36.3,1.30,93,4.7,62,1.7,1.60,0.24,2.20,0.58,4.43,32.6,1.01,3.19,0.46,2.84,0.43,,,,,,
T-8,Turfloop,Bt-(Ms-)granite,H2000,73.20,14.70,0.93,0.38,2.06,4.61,2.83,0.19,0.01,0.03,1.20,,1.3,84,705,6.3,1.0,4.5,0.3,19.0,31.6,18.3,3.10,291,10.6,94,2.7,1.80,0.53,1.20,0.15,0.76,3.7,0.13,0.31,0.05,0.27,0.04,,,,,,
T-9,Turfloop,Bt-(Ms-)granite,H2000,71.30,14.50,1.91,0.53,1.46,4.05,4.02,0.32,nd,0.09,0.65,,3.2,142,656,13.1,1.3,7.0,0.2,48.6,85.4,22.1,8.40,192,27.9,205,5.8,4.80,0.76,2.84,0.35,1.56,7.1,0.27,0.65,0.09,0.55,0.09,,,,,,
TUR-01,Turfloop,Bt-(Ms-)granite,L2012,73.52,15.32,0.97,0.37,1.83,5.04,2.03,0.13,0.02,0.08,0.63,99.94,,,561,,,,,,,,,485,,,,,,,,,,,,,,,,,,,,
TUR-03,Turfloop,Bt-(Ms-)granite,L2012,74.04,13.96,1.03,0.26,0.79,4.31,4.20,0.13,0.04,0.08,0.70,99.54,,,791,,,,,,,,,184,,,,,,,,,,,,,,,,,,,,
TUR-05,Turfloop,Bt-(Ms-)granite,L2012,72.29,14.44,1.44,0.50,1.23,4.59,3.97,0.31,0.02,0.12,0.54,99.54,,,645,,,,,,,,,238,,,,,,,,,,,,,,,,,,,,
TUR-07a,Turfloop,Bt-(Ms-)granite,L2012,73.79,13.69,1.37,0.35,1.00,4.15,4.38,0.21,0.03,0.09,0.37,99.43,,,424,,,,,,,,,110,,,,,,,,,,,,,,,,,,,,
TUR-07b,Turfloop,Bt-(Ms-)granite,L2012,73.06,14.33,1.65,0.52,1.18,4.10,4.36,0.27,0.03,0.11,0.55,100.17,,,626,,,,,,,,,162,,,,,,,,,,,,,,,,,,,,
TUR-09,Turfloop,Bt-(Ms-)granite,L2012,72.76,14.79,1.32,0.37,1.08,4.12,5.09,0.20,0.02,0.08,0.41,100.24,,,622,,,,,,,,,129,,,,,,,,,,,,,,,,,,,,
TUR-11,Turfloop,Bt-(Ms-)granite,L2012,74.36,13.83,1.14,0.33,1.23,4.18,3.65,0.19,0.02,0.05,0.45,99.51,,,642,,,,,,,,,162,,,,,,,,,,,,,,,,,,,,
TUR-13,Turfloop,Bt-(Ms-)granite,L2012,69.77,15.18,2.38,0.87,1.82,4.83,3.63,0.52,0.03,0.20,0.37,99.75,,,863,,,,,,,,,431,,,,,,,,,,,,,,,,,,,,
TUR-14b,Turfloop,Bt-(Ms-)granite,L2012,69.29,14.80,2.27,0.81,1.33,3.99,5.29,0.50,0.03,0.20,0.53,99.20,,,1176,,,,,,,,,354,,,,,,,,,,,,,,,,,,,,
TUR-15,Turfloop,Bt-(Ms-)granite,L2012,70.06,15.12,2.36,0.76,1.76,4.66,3.87,0.51,0.03,0.20,0.39,99.70,,,1213,,,,,,,,,483,,,,,,,,,,,,,,,,,,,,
TUR-16,Turfloop,Bt-(Ms-)granite,L2012,72.36,14.52,1.65,0.54,1.31,4.20,4.35,0.34,0.03,0.14,0.41,99.86,,,864,,,,,,,,,225,,,,,,,,,,,,,,,,,,,,
TUR-17a,Turfloop,Bt-(Ms-)granite,L2012,74.32,13.83,1.14,0.38,1.35,4.22,3.63,0.22,0.01,0.07,0.37,99.55,,,742,,,,,,,,,228,,,,,,,,,,,,,,,,,,,,
TUR-17b,Turfloop,Bt-(Ms-)granite,L2012,70.09,15.12,2.45,0.79,1.65,4.51,3.96,0.53,0.03,0.21,0.44,99.79,,,1079,,,,,,,,,305,,,,,,,,,,,,,,,,,,,,
TUR-20,Turfloop,Bt-(Ms-)granite,L2012,73.21,14.24,1.23,0.38,1.20,4.86,3.64,0.23,0.02,0.12,0.38,99.50,,,772,,,,,,,,,223,,,,,,,,,,,,,,,,,,,,
TUR-22,Turfloop,Bt-(Ms-)granite,L2012,72.74,14.30,1.19,0.46,1.25,4.68,4.10,0.22,0.02,0.10,0.39,99.52,,,538,,,,,,,,,187,,,,,,,,,,,,,,,,,,,,
TUR-23,Turfloop,Bt-(Ms-)granite,L2012,74.19,14.00,0.91,0.24,0.75,4.02,5.03,0.16,0.01,0.06,0.46,99.83,,,618,,,,,,,,,135,,,,,,,,,,,,,,,,,,,,
MAS-01,Mashashane,Hybrid,L2012,75.55,12.43,1.93,0.30,1.10,3.58,4.18,0.34,0.03,0.09,0.42,100.02,5.7,171,629,10.1,2.9,19.1,1.5,64.9,132.4,22.2,15.65,137,57.7,216,7.2,10.86,1.28,10.96,1.75,11.82,71.4,2.64,8.03,1.27,8.64,1.31,5,18,5,3,2,19
MAS-02,Mashashane,Hybrid,L2012,72.42,12.60,4.34,0.95,2.16,3.52,2.95,0.77,0.06,0.27,0.43,100.55,5.4,163,858,7.3,2.0,18.2,1.1,61.2,129.2,20.7,15.14,254,57.0,330,8.7,10.51,1.83,9.02,1.35,7.66,43.1,1.52,4.47,0.64,4.21,0.63,10,62,19,9,10,23
MAS-05,Mashashane,Hybrid,L2012,76.54,12.10,1.31,0.15,0.89,3.45,4.20,0.24,0.02,0.04,0.39,99.39,2.5,202,594,10.6,2.2,16.6,1.2,66.1,138.1,23.3,15.42,115,52.4,238,7.5,8.89,0.96,7.34,1.15,6.76,39.4,1.36,4.16,0.61,3.96,0.58,3,7,6,1,1,20
MAS-06a,Mashashane,Hybrid,L2012,76.27,12.00,1.59,0.38,0.56,3.78,4.18,0.31,0.02,0.07,0.60,99.83,,,,,,,,,,,,,,,,,,,,,,,,,,,,,,,,
MAS-07,Mashashane,Hybrid,L2012,74.39,12.34,1.92,0.29,1.06,3.79,4.57,0.36,0.03,0.08,0.55,99.43,6.2,196,619,9.7,2.6,17.1,1.0,54.0,115.5,23.1,12.97,136,46.1,268,7.9,8.59,1.14,7.47,1.20,7.15,42.6,1.50,4.63,0.69,4.79,0.69,4,17,5,3,3,20
MAS-08,Mashashane,Hybrid,L2012,74.08,12.44,1.80,0.31,1.18,4.68,4.60,0.31,0.03,0.07,0.47,100.03,,,,,,,,,,,,,,,,,,,,,,,,,,,,,,,,
MAS-09,Mashashane,Hybrid,L2012,73.17,13.03,2.81,0.60,1.47,3.59,3.81,0.52,0.04,0.18,0.50,99.81,4.1,190,862,5.9,1.3,16.3,0.9,38.5,85.8,16.7,9.99,217,38.3,279,7.0,7.42,1.41,6.79,1.04,6.01,35.2,1.21,3.57,0.51,3.31,0.49,7,35,13,5,7,21
MAS-10,Mashashane,Hybrid,L2012,67.34,13.82,5.03,1.03,2.83,4.38,3.01,0.93,0.07,0.30,0.37,99.22,2.4,86,1022,4.8,1.1,19.2,1.0,50.0,106.8,17.3,13.28,311,52.3,283,7.3,10.02,2.27,8.96,1.34,7.69,40.3,1.52,4.37,0.61,3.93,0.58,10,65,14,8,8,21
MAS-12,Mashashane,Hybrid,L2012,73.69,12.92,2.15,0.31,0.99,3.68,4.96,0.37,0.03,0.08,0.62,99.84,,,,,,,,,,,,,,,,,,,,,,,,,,,,,,,,
MAS-13a,Mashashane,Hybrid,L2012,72.28,12.51,3.72,0.70,1.88,3.52,3.42,0.69,0.05,0.24,0.40,99.51,4.8,144,925,9.8,1.9,21.6,1.2,72.5,147.8,21.5,17.33,253,64.2,460,11.7,11.19,2.06,9.66,1.45,8.27,46.5,1.66,4.91,0.71,4.61,0.71,10,57,11,7,8,23
MAS-14a,Mashashane,Hybrid,L2012,70.36,13.10,4.08,0.89,2.05,3.81,3.60,0.72,0.06,0.24,0.54,99.54,,,,,,,,,,,,,,,,,,,,,,,,,,,,,,,,
MAS-14b,Mashashane,Hybrid,L2012,63.59,13.25,7.31,2.20,2.41,3.24,4.12,1.72,0.09,0.52,0.83,99.36,6.3,205,716,15.9,3.1,50.8,2.0,126.7,291.8,10.7,34.79,223,126.5,1099,28.9,24.21,2.00,21.01,3.29,18.61,101.2,3.82,11.17,1.56,10.42,1.50,20,74,20,12,15,32
MAS-15,Mashashane,Hybrid,L2012,76.33,11.78,1.41,0.27,0.91,3.41,4.36,0.26,0.02,0.07,0.47,99.34,,,,,,,,,,,,,,,,,,,,,,,,,,,,,,,,
MAS-16,Mashashane,Hybrid,L2012,70.47,13.16,3.82,0.80,2.06,4.44,3.24,0.72,0.05,0.26,0.51,99.63,6.6,104,790,14.9,2.6,13.2,0.6,45.5,98.5,19.6,11.42,243,43.3,302,8.0,8.14,1.58,6.91,1.04,5.83,32.3,1.17,3.40,0.48,3.22,0.46,8,47,12,7,8,19
MAS-17,Mashashane,Hybrid,L2012,72.72,13.05,2.24,0.40,1.09,3.84,5.00,0.44,0.03,0.08,0.60,99.57,,,,,,,,,,,,,,,,,,,,,,,,,,,,,,,,
MAS-18,Mashashane,Hybrid,L2012,73.40,12.81,2.26,0.34,1.08,3.90,4.88,0.39,0.03,0.10,0.42,99.65,,,,,,,,,,,,,,,,,,,,,,,,,,,,,,,,
MAS-19,Mashashane,Hybrid,L2012,72.07,12.95,3.19,0.74,1.67,3.92,3.89,0.57,0.04,0.19,0.50,99.81,8.2,156,782,9.1,2.1,19.1,1.1,64.9,128.9,22.3,15.08,203,55.3,387,10.7,9.95,1.64,8.63,1.32,7.33,41.5,1.46,4.35,0.60,4.12,0.59,8,40,17,5,9,21
MAS-22,Mashashane,Hybrid,L2012,72.75,12.91,2.39,0.46,1.49,3.86,4.31,0.43,0.04,0.12,0.44,99.26,5.6,159,642,10.0,2.3,19.3,1.2,76.2,151.3,23.0,17.24,171,60.4,303,8.8,10.38,1.33,8.71,1.34,7.69,47.5,1.60,4.76,0.67,4.62,0.68,6,22,7,3,3,21
MAS-23,Mashashane,Hybrid,L2012,73.32,13.41,1.48,0.43,0.96,4.02,4.70,0.26,0.03,0.09,0.56,99.32,,,,,,,,,,,,,,,,,,,,,,,,,,,,,,,,
MAS-24,Mashashane,Hybrid,L2012,76.04,12.16,1.17,0.23,0.50,3.47,5.31,0.21,0.02,0.07,0.51,99.72,4.0,260,382,11.3,3.9,15.7,1.7,50.9,109.3,29.6,11.33,62,38.1,194,7.0,6.86,0.60,6.08,1.04,6.39,40.9,1.38,4.44,0.69,4.95,0.69,3,7,7,1,3,19
MAS-25,Mashashane,Hybrid,L2012,75.07,12.32,1.90,0.39,1.20,3.75,4.25,0.35,0.03,0.10,0.36,99.78,,,,,,,,,,,,,,,,,,,,,,,,,,,,,,,,
MS-01,Mashishimalle,Hybrid,JFM,69.99,13.43,3.63,0.92,1.84,3.52,4.74,0.70,0.05,0.34,0.50,,8.1,167,892,11.6,3.1,24.0,2.0,60.5,135.5,,15.96,283,61.5,399,10.8,10.34,1.48,8.34,1.39,7.89,44.9,1.52,4.80,0.72,4.61,0.62,7,65,,7,19,19
MS-02,Mashishimalle,Hybrid,JFM,70.43,13.48,3.57,0.93,1.86,3.81,4.47,0.68,0.05,0.26,0.20,,7.5,162,843,11.1,2.4,21.2,1.3,89.9,210.2,,21.55,288,72.1,403,10.3,12.03,1.78,9.65,1.56,8.44,48.0,1.62,4.97,0.76,4.86,0.69,7,61,,7,16,19
MS-03,Mashishimalle,Hybrid,JFM,72.12,14.40,1.45,0.29,0.96,3.88,6.03,0.21,0.03,0.08,0.40,,8.5,239,659,13.8,3.9,13.1,0.7,45.1,89.6,,9.82,155,32.4,159,5.0,4.69,0.82,3.52,0.56,3.13,20.4,0.61,1.88,0.29,1.90,0.29,2,31,,2,8,20
MS-04,Mashishimalle,Hybrid,JFM,67.94,13.78,4.35,1.34,2.65,3.88,4.02,0.86,0.06,0.35,0.50,,6.4,135,959,8.6,2.1,20.6,1.1,83.3,171.3,,19.83,376,76.9,394,10.1,11.78,2.03,9.50,1.46,7.80,47.3,1.53,4.58,0.72,4.23,0.63,8,75,,10,26,19
MS-05,Mashishimalle,Hybrid,JFM,69.96,13.39,3.59,0.92,1.95,3.68,4.65,0.72,0.05,0.28,0.60,,12.0,193,772,10.2,4.7,22.0,1.5,72.4,149.2,,18.47,263,69.1,387,10.5,11.77,1.91,9.83,1.55,8.52,53.1,1.65,4.89,0.79,4.89,0.74,7,60,,7,17,18
MS-06,Mashishimalle,Hybrid,JFM,73.04,13.33,2.03,0.45,1.11,3.55,5.19,0.34,0.03,0.11,0.60,,7.5,199,720,13.5,3.0,15.2,0.9,62.8,127.8,,14.43,155,49.6,295,8.8,7.42,0.90,5.75,0.89,4.71,28.0,0.91,2.58,0.41,2.57,0.40,3,36,,3,12,17
MS-07,Mashishimalle,Hybrid,JFM,75.13,12.66,1.53,0.24,0.78,3.53,5.23,0.23,0.03,0.09,0.40,,13.7,259,305,17.2,4.8,16.0,1.9,41.0,93.1,,10.31,97,34.6,185,6.2,5.80,0.64,4.79,0.84,5.11,34.7,1.03,3.44,0.60,4.00,0.60,2,25,,2,8,17
MS-08,Mashishimalle,Hybrid,JFM,74.77,12.79,1.62,0.31,0.72,3.37,5.43,0.21,0.02,0.13,0.50,,16.0,259,401,21.1,3.6,11.4,0.9,28.3,60.6,,7.37,104,27.0,184,5.7,5.11,0.57,4.60,0.77,4.29,25.6,0.81,2.51,0.40,2.39,0.38,2,28,,2,10,15
MS-09,Mashishimalle,Hybrid,JFM,74.29,13.56,1.36,0.21,0.58,3.71,5.21,0.16,0.02,0.07,0.70,,17.2,287,353,13.5,2.9,16.1,1.8,19.0,45.7,,4.52,94,14.5,123,3.9,2.68,0.30,2.47,0.49,3.17,22.2,0.67,2.23,0.41,2.64,0.43,2,26,,2,9,18
MS-10,Mashishimalle,Hybrid,JFM,72.97,13.48,2.15,0.49,1.16,3.79,4.83,0.38,0.03,0.14,0.40,,16.8,242,564,10.1,5.2,17.5,1.2,38.3,103.8,,9.20,187,32.3,244,6.6,5.09,0.88,4.11,0.68,3.78,24.6,0.77,2.42,0.41,2.62,0.39,4,35,,4,12,18
MS-11,Mashishimalle,Hybrid,JFM,73.30,12.91,1.67,0.40,0.96,3.53,4.97,0.27,0.03,0.11,1.70,,7.7,219,466,13.8,4.0,15.6,1.4,42.3,91.4,,10.05,130,37.4,181,5.7,6.38,0.71,5.19,0.87,5.02,32.4,1.03,3.13,0.55,3.39,0.53,3,29,,3,11,18
MS-12,Mashishimalle,Hybrid,JFM,69.72,13.56,3.47,0.92,1.83,3.70,4.53,0.71,0.05,0.26,1.00,,6.9,163,873,9.2,2.5,21.6,1.2,66.8,138.5,,16.68,285,60.7,401,11.1,10.18,1.70,8.26,1.30,7.39,43.2,1.47,4.30,0.70,4.36,0.62,6,62,,7,18,18
MS-13,Mashishimalle,Hybrid,JFM,70.48,13.38,3.41,0.84,1.82,3.65,4.55,0.67,0.05,0.21,0.70,,8.0,186,743,10.6,3.0,24.5,1.7,75.4,145.6,,19.78,240,74.9,392,10.5,12.90,1.84,11.08,1.82,10.70,66.1,2.12,6.60,1.02,6.58,0.96,7,56,,7,17,18
MS-14,Mashishimalle,Hybrid,JFM,72.29,13.68,1.96,0.47,1.11,3.58,5.46,0.37,0.02,0.10,0.70,,3.9,188,851,11.5,1.5,15.3,0.7,88.9,183.9,,20.09,144,72.2,312,9.1,10.23,1.05,7.35,1.00,5.32,25.0,0.89,2.43,0.35,2.33,0.33,3,35,,4,12,17
MS-15,Mashishimalle,Hybrid,JFM,68.93,14.01,3.15,0.83,1.65,3.75,5.20,0.62,0.05,0.23,1.30,,8.0,175,1061,7.8,2.8,19.8,1.2,61.5,136.0,,15.59,300,60.8,326,8.6,9.73,1.73,7.84,1.27,7.20,42.3,1.41,4.20,0.69,4.28,0.62,5,60,,6,18,18
MS-16,Mashishimalle,Hybrid,JFM,72.53,13.62,2.19,0.50,1.01,3.67,5.07,0.39,0.03,0.17,0.60,,12.6,239,598,14.5,4.1,18.5,1.5,85.6,180.7,,20.06,180,67.5,250,7.1,9.06,1.24,6.12,0.93,4.73,24.3,0.87,2.62,0.48,3.56,0.55,2,35,,4,11,18
MS-17,Mashishimalle,Hybrid,JFM,73.86,13.27,1.70,0.35,0.92,3.69,5.18,0.27,0.03,0.09,0.50,,13.8,275,459,19.4,4.0,18.3,1.6,45.3,96.4,,10.48,130,36.6,211,7.7,5.89,0.72,4.88,0.83,4.71,34.6,1.00,3.11,0.52,3.62,0.55,3,28,,3,10,17
MS-18,Mashishimalle,Hybrid,JFM,68.24,13.74,3.95,1.20,2.41,3.78,4.23,0.79,0.05,0.30,1.00,,4.4,157,870,8.4,2.3,23.2,1.3,86.9,180.6,,22.03,348,83.7,393,10.4,13.30,2.21,10.70,1.81,10.36,54.1,2.00,5.65,0.89,5.74,0.78,7,69,,10,28,18
MS-19,Mashishimalle,Hybrid,JFM,70.35,13.52,3.32,0.85,1.75,3.70,4.60,0.66,0.06,0.22,0.70,,10.7,183,806,11.2,4.3,25.2,1.7,85.2,181.9,,21.27,263,78.7,387,11.0,13.02,2.01,11.24,1.89,10.42,62.2,2.05,6.25,0.98,6.30,0.90,7,57,,6,17,18
MS-20,Mashishimalle,Hybrid,JFM,69.66,13.60,3.65,0.99,1.84,3.69,4.49,0.69,0.05,0.28,0.80,,9.7,171,843,9.9,2.4,21.8,1.3,64.9,142.6,,15.65,295,56.9,436,11.5,8.39,1.34,6.38,1.05,5.51,31.4,1.09,3.22,0.50,3.18,0.48,7,59,,7,18,17
MS-21,Mashishimalle,Hybrid,JFM,72.55,14.11,1.42,0.34,0.97,3.97,5.60,0.25,0.02,0.07,0.50,,7.6,197,702,13.6,2.3,13.1,0.6,57.4,108.3,,12.51,183,43.2,178,5.5,6.01,0.86,4.30,0.66,3.39,18.6,0.64,1.73,0.28,1.62,0.25,2,32,,3,12,17
MS-22,Mashishimalle,Hybrid,JFM,72.43,13.43,2.51,0.64,1.46,3.90,4.37,0.47,0.04,0.13,0.40,,10.5,206,656,8.4,3.0,17.7,1.4,57.2,116.1,,13.56,212,49.6,286,7.9,7.78,1.23,6.34,1.09,6.15,38.2,1.25,3.72,0.60,3.91,0.56,4,40,,5,11,18
MTL-01a,Matlala,Hybrid,L2012,72.48,13.05,2.19,0.49,1.26,3.83,4.87,0.43,0.03,0.13,0.59,99.43,8.9,223,770,13.0,3.4,18.5,1.7,64.7,131.4,28.8,14.95,171,52.7,217,6.7,9.48,1.19,8.15,1.31,7.85,43.0,1.57,4.80,0.72,4.67,0.66,4,26,12,3,4,21
MTL-01c,Matlala,Hybrid,L2012,69.42,13.59,3.86,0.86,2.21,4.08,3.79,0.79,0.05,0.25,0.44,99.45,,,,,,,,,,,,,,,,,,,,,,,,,,,,,,,,
MTL-01e,Matlala,Hybrid,L2012,68.80,13.60,3.90,0.91,2.22,4.20,4.18,0.80,0.05,0.29,0.46,99.51,8.5,194,708,7.9,2.1,20.9,1.0,82.8,167.0,21.0,19.29,233,69.5,422,10.8,11.85,1.77,9.97,1.51,8.39,47.9,1.70,5.04,0.70,4.77,0.69,9,60,14,7,7,23
MTL-01f,Matlala,Hybrid,L2012,64.60,13.22,6.61,1.63,2.99,4.10,4.04,1.19,0.10,0.51,0.36,99.45,12.7,182,860,5.3,1.7,30.6,1.5,79.7,175.2,18.1,22.96,272,90.6,607,14.7,17.47,2.75,15.29,2.30,12.91,70.1,2.55,7.33,1.00,6.69,0.95,17,84,34,11,16,25
MTL-02,Matlala,Hybrid,L2012,69.62,13.45,3.73,0.86,2.06,3.89,4.28,0.76,0.05,0.26,0.36,99.43,,,,,,,,,,,,,,,,,,,,,,,,,,,,,,,,
MTL-04,Matlala,Hybrid,L2012,71.17,13.21,3.09,0.69,1.78,3.99,4.23,0.63,0.04,0.21,0.53,99.67,,,,,,,,,,,,,,,,,,,,,,,,,,,,,,,,
MTL-05,Matlala,Hybrid,L2012,66.47,13.39,5.58,1.87,3.07,4.16,2.74,1.00,0.09,0.47,0.62,99.52,5.8,219,555,9.1,3.5,20.3,1.2,69.5,147.1,19.4,17.10,256,63.0,351,9.3,10.91,1.72,9.20,1.39,7.75,43.1,1.55,4.58,0.65,4.44,0.67,12,90,51,13,28,22
MTL-06,Matlala,Hybrid,L2012,75.50,13.19,1.15,0.22,0.66,3.59,4.61,0.19,0.02,0.08,0.46,99.71,9.6,339,386,13.4,4.5,16.0,1.4,51.5,94.0,24.3,11.10,73,38.1,146,5.0,6.84,0.51,6.08,0.93,5.35,34.0,1.09,3.33,0.48,3.24,0.48,3,10,8,1,2,20
MTL-07a,Matlala,Hybrid,L2012,59.36,14.98,7.68,3.43,5.36,3.06,3.10,1.30,0.13,0.66,0.73,99.89,8.8,254,733,4.3,2.0,17.3,0.8,84.3,166.5,16.5,22.21,521,80.2,243,5.9,13.59,2.78,11.23,1.77,8.94,44.6,1.74,4.95,0.71,4.34,0.69,17,130,66,20,43,22
MTL-07b,Matlala,Hybrid,L2012,68.98,13.51,3.90,1.03,2.37,3.97,3.88,0.74,0.06,0.30,0.42,99.26,9.3,149,792,9.2,2.5,19.5,1.2,72.8,139.2,22.9,16.59,264,60.9,336,9.7,10.50,1.65,8.97,1.32,7.81,47.9,1.61,4.59,0.69,4.72,0.71,9,55,14,7,12,15
MTL-08,Matlala,Hybrid,L2012,66.98,13.87,5.37,1.63,2.87,4.04,2.87,1.06,0.07,0.46,0.54,99.87,,,,,,,,,,,,,,,,,,,,,,,,,,,,,,,,
MTL-10,Matlala,Hybrid,L2012,72.02,14.31,2.08,0.66,1.54,4.32,4.11,0.35,0.03,0.12,0.54,100.16,,,,,,,,,,,,,,,,,,,,,,,,,,,,,,,,
MTL-11,Matlala,Hybrid,L2012,71.03,13.62,2.73,0.82,1.49,4.04,4.53,0.48,0.04,0.12,0.51,99.50,,,,,,,,,,,,,,,,,,,,,,,,,,,,,,,,
MTL-12,Matlala,Hybrid,L2012,71.13,13.77,2.90,0.79,1.56,4.21,3.58,0.52,0.04,0.13,0.61,99.32,,,,,,,,,,,,,,,,,,,,,,,,,,,,,,,,
MTL-13,Matlala,Hybrid,L2012,70.87,13.43,2.97,0.74,1.68,3.84,4.40,0.55,0.04,0.15,0.71,99.48,,,,,,,,,,,,,,,,,,,,,,,,,,,,,,,,
MTL-14,Matlala,Hybrid,L2012,70.87,13.03,3.06,0.75,1.43,4.17,4.77,0.51,0.04,0.14,0.58,99.48,6.6,187,1100,12.7,1.8,27.4,1.6,114.9,226.1,31.1,27.95,199,94.7,434,11.3,15.28,2.07,12.00,1.80,10.03,58.6,2.02,6.11,0.86,5.85,0.86,6,36,22,5,12,25
MTL-16,Matlala,Hybrid,L2012,71.89,13.54,2.15,0.54,1.28,3.91,4.88,0.39,0.03,0.11,0.41,99.18,,,,,,,,,,,,,,,,,,,,,,,,,,,,,,,,
MTL-18a,Matlala,Hybrid,L2012,71.66,14.09,2.48,0.60,1.57,3.88,4.10,0.41,0.03,0.16,0.56,99.65,,,,,,,,,,,,,,,,,,,,,,,,,,,,,,,,
MTL-18b,Matlala,Hybrid,L2012,69.07,13.57,4.66,0.77,1.71,4.15,4.47,0.80,0.06,0.23,0.36,99.97,,,,,,,,,,,,,,,,,,,,,,,,,,,,,,,,
MTL-18c,Matlala,Hybrid,L2012,69.26,13.38,4.79,0.75,1.73,3.90,4.24,0.81,0.05,0.23,0.49,99.74,,,,,,,,,,,,,,,,,,,,,,,,,,,,,,,,
MTL-18d,Matlala,Hybrid,L2012,57.62,15.31,8.55,3.78,5.92,2.86,3.04,1.35,0.14,0.72,0.39,99.81,10.4,304,638,3.9,1.9,16.0,0.7,79.5,159.5,15.1,19.75,539,76.0,190,4.8,12.86,2.61,10.98,1.56,8.66,46.5,1.69,4.84,0.67,4.22,0.62,20,157,76,25,53,23
MTL-19a,Matlala,Hybrid,L2012,68.25,14.13,4.12,1.19,2.40,4.61,3.01,0.74,0.06,0.27,0.46,99.34,6.2,144,841,9.7,3.0,19.5,1.2,92.5,167.7,19.7,19.44,331,69.9,377,10.1,11.68,2.28,10.28,1.52,8.43,48.3,1.70,4.92,0.67,4.59,0.67,10,72,29,9,14,22
MTL-19b,Matlala,Hybrid,L2012,72.78,13.60,1.85,0.32,0.86,4.01,5.20,0.28,0.02,0.07,0.39,99.53,,,,,,,,,,,,,,,,,,,,,,,,,,,,,,,,
MTL-20,Matlala,Hybrid,L2012,74.38,13.08,1.43,0.31,0.78,3.81,5.04,0.22,0.03,0.10,0.44,99.67,,,,,,,,,,,,,,,,,,,,,,,,,,,,,,,,
MTL-21a,Matlala,Hybrid,L2012,64.70,13.89,6.15,1.95,3.93,3.99,2.82,1.13,0.08,0.49,0.41,99.70,,,,,,,,,,,,,,,,,,,,,,,,,,,,,,,,
MTL-21b,Matlala,Hybrid,L2012,65.28,14.06,5.76,1.85,3.76,3.98,2.95,1.09,0.09,0.44,0.42,99.53,4.6,138,990,6.4,1.9,21.3,1.3,84.9,174.6,22.0,21.01,496,78.4,256,6.5,13.23,2.56,11.21,1.64,9.13,52.6,1.82,5.32,0.76,5.00,0.74,14,114,32,16,22,24
MTL-22,Matlala,Hybrid,L2012,69.73,13.47,4.28,0.69,1.93,3.95,3.46,0.76,0.06,0.21,0.55,99.28,3.6,119,1597,8.5,1.5,35.4,1.8,156.5,313.0,33.5,36.45,253,128.8,799,19.6,19.98,3.16,16.09,2.39,12.94,70.2,2.54,7.35,1.01,6.82,0.99,10,37,20,6,8,28
MTL-23,Matlala,Hybrid,L2012,73.98,12.98,1.39,0.24,0.73,4.07,5.14,0.22,0.03,0.07,0.37,99.24,6.2,330,349,23.5,4.3,14.5,1.6,49.0,104.1,34.1,11.45,86,38.7,178,6.1,6.99,0.67,6.28,1.06,6.77,46.7,1.47,4.84,0.79,5.32,0.74,3,12,9,2,2,22
MTL-24a,Matlala,Hybrid,L2012,69.12,13.32,3.88,1.35,2.30,3.69,3.98,0.78,0.06,0.27,0.43,99.29,14.6,200,899,11.1,3.0,24.0,1.4,118.5,195.4,23.8,26.63,281,95.0,443,11.7,15.84,2.38,13.69,2.01,11.08,65.9,2.22,6.42,0.89,6.08,0.87,10,61,50,9,25,23
MTL-24b,Matlala,Hybrid,L2012,74.01,13.08,1.54,0.31,0.88,3.59,5.49,0.26,0.03,0.10,0.41,99.73,,,,,,,,,,,,,,,,,,,,,,,,,,,,,,,,
MTL-25,Matlala,Hybrid,L2012,71.34,13.31,2.74,0.66,1.52,4.09,4.57,0.53,0.04,0.17,0.72,99.79,,,,,,,,,,,,,,,,,,,,,,,,,,,,,,,,
MTL-26,Matlala,Hybrid,L2012,70.91,13.45,3.28,0.83,1.69,4.04,4.18,0.64,0.05,0.23,0.51,99.90,,,,,,,,,,,,,,,,,,,,,,,,,,,,,,,,
MTL-27,Matlala,Hybrid,L2012,67.94,13.38,3.39,0.88,2.47,4.01,4.14,0.63,0.04,0.25,0.49,99.72,11.5,183,981,7.9,2.5,20.4,1.4,68.3,139.7,24.6,16.77,250,61.8,377,10.3,10.82,1.75,9.28,1.42,7.93,43.6,1.58,4.57,0.64,4.40,0.61,7,49,14,6,9,21
MTL-28a,Matlala,Hybrid,L2012,71.28,13.47,3.28,0.85,1.95,3.99,3.05,0.65,0.06,0.21,0.45,99.36,9.5,195,1087,14.9,3.1,20.8,1.3,110.6,209.5,24.3,22.10,262,73.3,305,8.5,11.22,1.80,9.01,1.32,7.27,39.0,1.42,4.21,0.62,4.16,0.65,12,48,16,6,8,25
MTL-29,Matlala,Hybrid,L2012,73.65,12.79,2.17,0.40,1.04,3.23,5.04,0.37,0.02,0.10,0.59,99.48,8.3,254,650,15.9,3.7,20.2,1.9,77.9,148.0,20.2,16.35,164,55.5,245,7.6,9.38,1.01,7.88,1.22,7.59,47.7,1.61,4.78,0.76,5.24,0.77,5,23,11,3,4,20
MTL-31,Matlala,Hybrid,L2012,73.07,13.38,1.65,0.36,1.13,3.76,5.14,0.28,0.02,0.09,0.50,99.44,9.0,255,504,15.5,5.2,19.6,1.8,76.6,139.0,21.9,16.03,144,52.8,262,8.2,8.77,0.92,7.31,1.18,6.94,41.3,1.43,4.49,0.68,4.86,0.73,4,22,8,3,4,21
MTL-32,Matlala,Hybrid,L2012,74.04,13.10,1.66,0.43,0.78,3.56,5.07,0.28,0.03,0.09,0.60,99.71,,,,,,,,,,,,,,,,,,,,,,,,,,,,,,,,
MTL-33,Matlala,Hybrid,L2012,73.77,13.26,1.63,0.49,1.06,3.88,4.88,0.27,0.03,0.12,0.46,99.92,,,,,,,,,,,,,,,,,,,,,,,,,,,,,,,,
MTL35,Matlala,Hybrid,L2012,62.75,13.96,6.35,3.21,4.29,3.74,2.89,0.97,0.08,0.44,0.84,99.86,5.0,170,1044,4.8,1.3,16.5,0.9,61.7,132.6,14.8,16.00,629,61.7,329,7.9,10.94,2.24,9.23,1.35,7.56,41.9,1.49,4.30,0.61,3.93,0.58,16,112,157,21,70,23
MTL-35b,Matlala,Hybrid,L2012,58.41,14.43,7.95,4.47,5.53,4.29,2.26,1.26,0.13,0.62,0.62,100.08,5.8,145,506,3.6,0.8,14.9,0.5,60.4,129.0,13.4,16.32,597,64.4,334,8.3,11.31,1.91,9.68,1.37,7.41,39.8,1.49,4.23,0.55,3.63,0.55,17,137,182,24,87,21
MTL-37a,Matlala,Hybrid,L2012,73.54,13.91,1.03,0.26,0.72,4.02,5.58,0.18,0.01,0.05,0.36,99.77,,,,,,,,,,,,,,,,,,,,,,,,,,,,,,,,
MTL-38,Matlala,Hybrid,L2012,70.67,13.21,3.36,0.84,1.80,3.00,5.28,0.65,0.04,0.23,0.34,99.54,1.3,154,912,10.0,0.7,21.2,1.5,81.0,161.6,17.7,18.99,227,69.0,342,9.2,12.63,1.59,11.03,1.71,9.75,53.1,1.92,5.53,0.75,4.84,0.63,8,48,23,6,9,20
MTL-39,Matlala,Hybrid,L2012,69.69,14.24,3.30,1.13,1.84,4.26,4.21,0.71,0.04,0.22,0.61,100.35,1.8,172,875,11.6,0.8,18.4,1.0,73.2,155.1,19.7,18.69,244,69.9,415,10.9,13.33,1.57,11.53,1.76,10.11,53.5,1.97,5.63,0.78,4.80,0.68,7,53,31,6,12,22
MTL-41,Matlala,Hybrid,L2012,71.86,13.68,1.20,0.30,0.73,3.84,7.00,0.14,0.02,0.11,0.55,99.54,5.5,207,1069,23.9,1.8,4.6,0.1,57.2,102.6,39.8,10.64,213,35.0,177,5.2,5.75,0.74,3.82,0.49,2.17,10.7,0.39,1.04,0.12,0.80,0.13,3,7,7,1,1,18
MTL-42,Matlala,Hybrid,L2012,72.89,13.87,1.22,0.31,0.75,3.84,5.25,0.14,0.02,0.11,0.51,99.03,,,,,,,,,,,,,,,,,,,,,,,,,,,,,,,,
MTL-43,Matlala,Hybrid,L2012,64.71,13.59,6.10,1.78,3.89,4.09,2.91,1.32,0.09,0.53,0.68,99.81,3.9,115,944,6.7,1.8,21.0,1.1,79.9,165.1,19.7,19.75,422,74.8,158,4.8,13.20,2.67,11.37,1.67,9.42,47.1,1.83,5.21,0.72,4.55,0.67,13,110,25,15,18,24
MTL-44,Matlala,Hybrid,L2012,66.72,13.68,5.06,1.46,2.92,4.55,3.00,0.90,0.07,0.34,0.57,99.77,3.9,134,889,7.7,2.0,22.9,1.4,87.4,177.2,24.2,19.98,366,80.1,303,6.9,13.87,2.27,11.98,1.77,9.77,51.0,1.92,5.55,0.76,4.85,0.72,12,83,22,12,15,25
MTL-45,Matlala,Hybrid,L2012,62.83,14.58,6.15,2.73,4.14,3.48,3.18,1.02,0.10,0.47,0.73,99.40,,,,,,,,,,,,,,,,,,,,,,,,,,,,,,,,
MOL-01a,Moletsi,Hybrid,L2012,68.01,13.12,5.31,0.89,2.50,4.37,3.18,1.01,0.08,0.30,0.27,99.20,2.2,85,1431,4.0,0.6,23.3,1.1,79.7,163.4,18.5,19.37,357,74.7,536,11.9,13.28,3.16,11.44,1.68,9.39,50.2,1.83,5.21,0.73,4.59,0.68,12,48,5,7,3,24
MOL-01b,Moletsi,Hybrid,L2012,68.72,12.78,5.50,0.87,2.24,4.01,3.53,1.06,0.08,0.44,0.39,99.78,,,,,,,,,,,,,,,,,,,,,,,,,,,,,,,,
MOL-02a,Moletsi,Hybrid,L2012,74.28,12.84,1.97,0.37,0.96,3.52,4.60,0.38,0.03,0.11,0.40,99.56,,,,,,,,,,,,,,,,,,,,,,,,,,,,,,,,
MOL-02b,Moletsi,Hybrid,L2012,68.82,13.59,4.05,1.00,2.16,4.64,3.64,0.88,0.05,0.32,0.57,99.85,,,,,,,,,,,,,,,,,,,,,,,,,,,,,,,,
MOL-02c,Moletsi,Hybrid,L2012,66.76,13.71,5.10,1.27,2.26,3.99,3.54,1.06,0.06,0.41,0.91,99.19,1.2,90,1012,3.5,0.9,23.1,1.0,47.6,117.7,17.8,15.61,287,61.9,358,9.1,12.05,2.06,10.58,1.59,9.03,44.5,1.75,4.84,0.65,4.02,0.58,10,79,19,9,12,21
MOL-03,Moletsi,Hybrid,L2012,74.01,12.50,2.28,0.37,0.81,3.68,4.76,0.37,0.03,0.09,0.46,99.45,3.8,144,810,6.2,1.3,16.9,0.8,67.3,156.1,19.0,16.07,133,55.8,387,10.5,9.79,1.22,7.51,1.15,6.08,30.2,1.17,3.35,0.46,3.02,0.42,7,18,5,3,3,20
MOL-04b,Moletsi,Hybrid,L2012,71.55,13.19,2.90,0.70,1.56,3.99,4.29,0.53,0.04,0.16,0.38,99.36,4.3,155,787,6.3,1.1,13.9,1.0,102.8,164.8,18.3,23.03,204,85.6,282,7.5,14.77,1.88,13.55,1.98,10.87,68.0,2.22,6.37,0.84,5.30,0.73,6,38,13,5,7,22
MOL-05a,Moletsi,Hybrid,L2012,73.52,12.52,2.99,0.55,1.30,3.99,3.73,0.60,0.04,0.15,0.24,99.75,,,,,,,,,,,,,,,,,,,,,,,,,,,,,,,,
MOL-05b,Moletsi,Hybrid,L2012,60.31,14.26,8.24,3.80,5.41,4.03,2.02,1.33,0.11,0.60,0.53,100.75,7.3,123,820,3.4,0.8,17.1,0.8,54.2,120.0,14.0,15.45,486,63.0,391,9.1,12.10,2.72,10.85,1.60,9.10,49.2,1.80,5.15,0.72,4.63,0.69,19,140,131,26,72,22
MOL-05c,Moletsi,Hybrid,L2012,72.59,12.85,3.64,0.52,1.69,3.71,3.37,0.70,0.06,0.16,0.18,99.62,2.1,98,1413,4.3,0.7,22.5,1.5,54.1,112.6,17.9,14.20,273,56.3,504,12.5,11.06,2.67,9.92,1.51,8.66,43.8,1.68,4.77,0.66,4.16,0.60,11,27,2,5,2,21
MOL-06,Moletsi,Hybrid,L2012,68.98,12.91,5.30,0.84,2.25,4.35,3.08,1.03,0.08,0.29,0.42,99.69,3.4,80,1298,7.7,1.5,20.2,0.6,121.9,225.0,18.9,27.44,322,97.0,329,8.0,15.77,3.48,12.77,1.85,9.80,50.7,1.91,5.34,0.72,4.73,0.67,11,46,7,6,3,24
MOL-07,Moletsi,Hybrid,L2012,71.18,12.95,3.53,0.55,1.58,4.36,3.71,0.65,0.05,0.23,0.47,99.41,,,,,,,,,,,,,,,,,,,,,,,,,,,,,,,,
MOL-08,Moletsi,Hybrid,L2012,71.03,13.60,2.83,0.70,1.57,4.11,4.73,0.53,0.04,0.19,0.38,99.78,4.8,192,764,8.8,1.7,18.3,1.2,58.1,119.0,19.9,13.95,196,51.1,316,8.4,9.59,1.28,8.39,1.31,7.48,46.7,1.54,4.58,0.63,4.16,0.59,7,41,34,5,8,20
BUL-01A,Bulai,Sanuk s.l.,L2011,46.11,16.24,13.70,3.75,8.10,3.52,2.70,2.89,0.14,1.79,0.50,,0.2,59,1337,8.9,2.1,45.6,2.2,197.0,448.3,,58.58,691,245.1,697,16.1,40.63,5.51,30.73,4.03,17.89,86.1,3.22,7.54,1.03,5.86,0.72,25,178,62,30,32,30
BUL-01B,Bulai,Sanuk s.l.,L2011,62.75,16.30,5.23,1.46,3.97,3.26,4.44,0.95,0.05,0.57,0.50,,0.4,102,2577,5.1,1.2,14.2,0.6,84.3,175.9,,21.63,741,86.8,437,10.2,14.71,3.35,11.08,1.52,6.79,31.8,1.25,2.85,0.39,2.08,0.27,8,64,14,12,14,24
BUL-02,Bulai,Sanuk s.l.,L2011,48.26,17.34,11.41,3.59,8.01,3.88,2.48,2.34,0.12,1.42,0.50,,0.5,67,1340,14.7,2.4,38.1,1.7,202.7,435.8,,54.97,794,216.2,939,21.9,35.75,5.43,25.88,3.31,15.08,71.3,2.61,6.26,0.86,4.77,0.63,20,157,41,28,31,30
BUL-04,Bulai,Sanuk s.l.,L2011,60.52,16.08,6.47,1.94,4.64,3.33,3.89,1.20,0.06,0.72,0.60,,0.5,98,2076,28.5,1.8,16.8,0.7,154.7,301.3,,35.55,710,136.4,582,13.5,20.62,3.67,14.91,1.89,8.42,38.8,1.45,3.44,0.47,2.59,0.34,10,84,,14,16,25
BUL-10,Bulai,Sanuk s.l.,L2011,61.77,16.28,6.14,1.79,4.36,3.50,3.44,1.11,0.06,0.54,0.50,,0.7,101,1631,18.7,1.9,15.6,0.8,119.1,233.4,,27.41,621,105.3,670,15.8,15.11,3.05,10.46,1.28,5.50,25.2,0.92,2.29,0.32,1.88,0.26,8,79,21,13,15,25
BUL-11,Bulai,Sanuk s.l.,L2011,52.54,18.42,7.74,2.56,5.88,3.60,4.63,1.81,0.12,0.99,0.80,,0.4,109,4407,7.3,2.2,24.2,1.3,171.2,286.0,,38.38,1405,150.7,661,12.5,23.16,5.42,16.09,1.88,8.14,37.6,1.32,3.12,0.45,2.71,0.35,11,119,21,21,23,23
BUL-14,Bulai,Sanuk s.l.,L2011,58.42,16.75,6.70,1.94,4.40,3.31,4.88,1.42,0.06,0.73,0.80,,0.2,88,2322,9.2,1.0,20.9,1.0,125.9,269.2,,33.63,987,130.1,505,12.3,21.94,4.54,15.52,1.90,8.74,40.4,1.38,3.40,0.50,2.92,0.41,8,96,27,16,19,22
BUL-15,Bulai,Sanuk s.l.,L2011,61.98,16.05,6.25,1.79,4.13,3.43,3.85,1.09,0.06,0.53,0.40,,0.7,93,1554,24.9,2.1,16.6,0.8,135.4,250.8,,30.66,589,111.4,505,12.9,17.43,3.37,12.30,1.53,6.94,33.4,1.14,2.73,0.41,2.23,0.31,9,75,14,14,17,24
BUL-16,Bulai,Sanuk s.l.,L2011,67.07,15.21,4.00,1.51,3.19,3.13,4.02,0.68,0.03,0.28,0.60,,0.4,97,1277,23.4,1.3,9.1,0.4,59.7,114.7,,13.37,372,49.1,233,6.5,7.56,1.90,5.13,0.58,2.39,10.8,0.37,0.87,0.12,0.67,0.09,4,54,27,11,18,21
BUL-20,Bulai,Sanuk s.l.,L2011,66.74,14.94,4.15,1.50,3.62,3.15,3.98,0.73,0.04,0.27,0.50,,0.3,91,1208,25.7,1.5,14.2,1.1,76.7,169.8,,21.06,463,77.7,300,8.1,13.47,2.42,9.25,1.25,5.98,29.5,1.02,2.58,0.38,2.10,0.28,6,58,21,11,17,20
BUL-21,Bulai,Sanuk s.l.,L2011,63.52,15.78,5.48,1.70,3.84,3.45,3.93,0.91,0.06,0.44,0.50,,0.6,101,1399,21.1,2.3,13.9,0.6,101.0,201.2,,23.54,498,86.0,403,10.4,13.74,2.81,9.53,1.17,5.48,25.6,0.88,2.15,0.32,1.79,0.26,7,75,21,13,19,24
BUL-22,Bulai,Sanuk s.l.,L2011,67.29,15.56,3.83,1.09,2.60,2.96,4.87,0.64,0.03,0.29,0.60,,0.4,101,1409,11.4,1.4,6.8,0.2,78.2,145.1,,16.12,382,55.1,325,8.7,7.58,2.07,4.98,0.56,2.35,11.0,0.37,0.90,0.12,0.72,0.11,3,50,21,8,13,21
BUL-23,Bulai,Sanuk s.l.,L2011,65.30,16.11,4.28,1.39,3.39,3.32,4.58,0.76,0.04,0.29,0.20,,0.6,102,1441,21.0,1.7,10.6,0.5,94.3,180.9,,19.96,460,68.5,413,10.3,9.87,2.30,6.49,0.78,3.53,16.2,0.58,1.42,0.19,1.09,0.16,6,56,27,10,14,22
BUL-27,Bulai,Sanuk s.l.,L2011,63.29,15.41,5.72,1.71,3.82,3.17,4.33,1.01,0.06,0.46,0.60,,0.3,95,1580,33.5,1.4,16.8,0.8,129.4,255.2,,29.31,506,106.9,420,11.1,16.66,3.03,11.58,1.49,6.86,32.8,1.14,2.79,0.40,2.29,0.32,8,74,27,13,19,22
BUL-28,Bulai,Sanuk s.l.,L2011,65.23,15.64,4.87,1.42,3.55,3.38,3.99,0.83,0.05,0.35,0.40,,0.7,106,1150,20.5,2.8,15.0,0.6,80.0,156.5,,18.42,371,68.0,417,10.9,11.45,2.19,8.11,1.08,4.94,23.9,0.84,2.11,0.31,1.66,0.23,7,59,21,10,14,23
BUL-29,Bulai,Sanuk s.l.,L2011,66.26,15.19,4.70,1.38,3.57,3.42,3.56,0.78,0.05,0.31,0.50,,0.8,104,1006,39.4,3.0,16.3,0.6,125.3,236.5,,26.06,340,90.6,374,10.3,13.64,2.11,9.57,1.23,5.37,26.5,0.91,2.29,0.31,1.73,0.23,8,62,27,11,14,23
BUL-34,Bulai,Sanuk s.l.,L2011,52.87,16.48,8.14,3.85,7.28,3.42,2.12,1.70,0.10,0.84,0.70,,0.2,54,1304,15.1,0.7,26.1,0.9,127.4,280.3,,33.76,637,140.0,554,13.8,23.49,4.05,17.36,2.41,11.15,51.0,1.83,4.38,0.58,3.24,0.43,16,142,103,84,37,25
BUL-35,Bulai,Sanuk s.l.,L2011,54.32,16.54,7.57,3.39,6.58,3.46,2.45,1.65,0.10,0.76,0.80,,0.2,46,1515,15.1,1.0,24.9,1.0,141.8,305.0,,35.22,597,142.1,769,17.5,22.93,3.96,16.63,2.29,10.21,48.5,1.69,4.09,0.54,3.08,0.43,15,126,89,82,30,25
BUL-36,Bulai,Sanuk s.l.,L2011,52.05,16.70,8.36,3.95,7.60,3.27,2.01,1.81,0.10,0.96,0.70,,0.1,50,1209,14.9,0.8,25.1,0.9,127.5,278.1,,32.62,662,128.5,608,14.5,20.01,3.74,14.62,1.09,8.63,42.0,1.40,3.43,0.47,2.78,0.38,16,149,109,90,35,26
BUL-48,Bulai,Sanuk s.l.,L2011,48.82,17.45,9.05,3.82,6.75,3.63,2.73,2.05,0.11,0.99,1.90,,0.5,90,949,25.1,2.1,24.3,0.9,152.3,329.3,,38.52,510,147.0,767,19.3,22.79,3.43,15.80,2.12,9.69,45.0,1.50,3.72,0.50,2.74,0.40,18,165,109,77,43,29
BUL-49,Bulai,Sanuk s.l.,L2011,53.96,16.89,7.10,3.32,6.47,3.69,2.97,1.51,0.12,0.79,1.00,,0.4,83,1063,19.0,1.6,21.2,1.0,109.4,246.6,,30.82,537,121.7,514,12.7,19.55,3.78,13.46,1.78,8.08,39.0,1.28,3.16,0.44,2.51,0.34,14,134,55,78,37,24
MAT-01,Matok,Sanuk s.l.,L2014,69.13,13.31,4.52,0.87,2.46,3.95,3.35,0.89,0.06,0.28,0.60,,0.3,59,2084,5.0,0.3,27.1,1.0,120.1,246.3,,30.42,530,110.1,657,16.0,17.38,3.69,13.44,2.09,10.95,62.5,2.07,5.87,0.89,5.11,0.76,9,52,48,7,65,19
MAT-03,Matok,Sanuk s.l.,L2014,65.93,13.64,5.95,1.51,3.27,3.55,3.32,1.23,0.07,0.47,0.60,,2.6,105,1308,6.9,0.7,24.3,1.2,76.6,189.2,,20.94,487,81.7,576,13.7,13.68,2.30,11.14,1.73,9.24,50.2,1.72,4.80,0.73,4.23,0.64,12,91,34,13,35,18
MAT-04,Matok,Sanuk s.l.,L2014,64.39,13.94,6.60,1.54,2.64,3.63,3.60,1.20,0.08,0.64,1.30,,3.5,129,1098,7.3,2.0,26.0,1.2,73.8,167.9,,20.88,436,80.9,560,13.2,13.41,2.66,10.95,1.66,8.88,41.6,1.60,4.44,0.71,4.20,0.63,11,88,,,,19
MAT-05,Matok,Sanuk s.l.,L2014,61.80,14.24,7.24,2.07,4.40,3.80,2.38,1.63,0.09,0.80,1.10,,1.4,61,978,1.6,0.4,27.7,1.3,78.1,221.4,,24.39,514,95.7,651,15.8,16.84,3.28,14.33,2.25,11.89,68.6,2.36,6.41,0.98,5.90,0.87,14,135,,,,19
MAT-06,Matok,Sanuk s.l.,L2014,63.01,13.96,6.93,1.86,3.75,3.79,2.74,1.41,0.09,0.75,1.20,,2.3,81,975,5.3,0.6,23.7,1.1,64.4,162.0,,17.22,450,68.3,573,14.1,12.24,1.64,10.58,1.57,8.44,41.9,1.57,4.48,0.68,4.08,0.63,15,109,,,,19
MAT-07,Matok,Sanuk s.l.,L2014,68.40,13.31,4.74,1.16,2.49,3.52,3.74,0.99,0.06,0.37,0.80,,2.1,109,1302,6.7,1.0,24.7,1.7,90.0,186.1,,22.63,435,84.5,512,13.6,13.69,2.53,11.03,1.70,9.39,50.9,1.72,4.89,0.72,4.40,0.66,10,74,21,10,21,19
MAT-08,Matok,Sanuk s.l.,L2014,66.34,13.30,6.07,1.42,3.18,3.67,3.32,1.22,0.09,0.45,0.50,,1.7,82,1386,6.9,0.6,25.6,0.9,95.3,201.1,,23.58,494,90.0,526,13.9,14.99,3.04,12.20,1.84,9.85,53.3,1.82,4.92,0.76,4.63,0.64,12,86,55,13,84,19
MAT-09,Matok,Sanuk s.l.,L2014,63.63,14.20,5.94,2.38,3.87,4.28,2.58,1.22,0.07,0.50,0.90,,2.5,105,997,2.8,0.5,17.7,0.7,74.4,158.3,,19.39,542,74.4,443,11.1,12.00,2.39,9.84,1.55,8.09,45.8,1.57,4.30,0.68,3.99,0.56,12,100,137,15,145,18
MAT-10,Matok,Sanuk s.l.,L2014,62.60,14.22,6.54,2.54,4.21,4.08,2.53,1.35,0.08,0.57,0.90,,1.4,86,1008,3.4,0.3,20.0,1.0,67.6,147.3,,18.53,560,72.8,488,12.6,12.18,2.43,9.89,1.60,8.49,47.6,1.63,4.67,0.69,4.00,0.60,13,106,109,16,77,19
MAT-11,Matok,Sanuk s.l.,L2014,61.70,14.18,7.36,2.73,4.24,4.07,2.67,1.39,0.09,0.62,0.60,,2.6,110,631,2.6,0.9,18.9,0.7,56.1,125.7,,16.49,498,68.0,453,11.3,12.10,2.01,10.51,1.65,9.04,50.0,1.69,4.58,0.69,4.17,0.62,14,116,96,18,52,20
MAT-12,Matok,Sanuk s.l.,L2014,65.61,14.20,5.06,1.92,3.52,3.97,3.19,0.99,0.07,0.44,0.60,,2.3,112,1087,4.1,1.4,17.2,1.0,56.5,122.9,,15.96,514,60.1,385,9.4,10.30,2.25,8.46,1.34,7.34,42.6,1.43,3.81,0.63,3.83,0.58,10,79,,,,18
MAT-13,Matok,Sanuk s.l.,L2014,63.40,14.47,6.02,2.15,3.89,3.88,3.16,1.06,0.08,0.49,1.00,,3.0,124,992,5.4,1.7,22.2,1.6,60.6,147.5,,18.69,488,74.2,441,11.4,12.51,2.39,10.57,1.60,9.01,49.6,1.73,5.09,0.86,5.66,0.86,13,89,,,,18
MAT-14,Matok,Sanuk s.l.,L2014,65.80,14.55,4.93,1.63,3.47,4.26,2.94,0.96,0.06,0.39,0.60,,1.9,96,1323,5.2,1.2,15.9,1.0,65.4,138.3,,16.72,544,63.6,340,8.5,10.68,2.30,9.19,1.42,7.99,38.4,1.46,4.02,0.64,3.89,0.56,9,72,,,,17
MAT-16,Matok,Sanuk s.l.,L2014,56.38,13.98,10.16,4.06,6.06,3.84,1.05,1.81,0.15,0.88,1.10,,1.7,20,1045,1.0,0.3,20.2,0.9,78.6,177.8,,23.97,866,100.9,400,9.6,16.61,4.13,13.36,1.99,10.29,54.4,1.93,5.25,0.78,4.76,0.68,21,177,171,29,96,18
MAT-17,Matok,Sanuk s.l.,L2014,53.71,14.91,9.00,4.61,6.96,3.42,1.91,1.94,0.14,0.91,2.10,,1.5,66,635,1.3,0.3,17.6,0.9,50.3,117.3,,14.67,752,60.4,223,5.2,10.61,2.48,9.72,1.45,8.22,38.5,1.48,3.91,0.58,3.66,0.54,18,170,,,,18
MAT-18,Matok,Sanuk s.l.,L2014,57.25,14.70,8.94,3.29,5.87,3.81,1.88,1.82,0.14,0.80,1.10,,1.4,56,1048,1.5,0.4,21.4,1.0,70.4,159.8,,20.63,687,83.5,406,10.3,13.89,3.31,11.90,1.86,9.73,51.0,1.89,5.02,0.78,4.60,0.69,18,151,116,22,121,19
MAT-19,Matok,Sanuk s.l.,L2014,58.87,14.09,8.95,2.44,5.36,3.79,1.48,1.90,0.12,0.77,1.70,,0.4,26,1116,2.5,0.6,28.9,1.1,97.7,225.5,,28.77,740,114.2,738,18.0,18.60,3.70,15.33,2.34,12.25,61.9,2.28,6.09,0.92,5.43,0.79,19,156,,,,20
MAT-21b,Matok,Sanuk s.l.,L2014,65.19,13.90,5.82,1.60,3.66,3.75,3.11,1.24,0.07,0.48,0.70,,1.4,75,1363,5.8,0.7,22.6,0.9,106.9,213.2,,24.91,576,90.6,451,10.4,14.21,3.01,11.25,1.78,9.42,51.5,1.84,5.00,0.79,4.72,0.67,12,91,34,13,21,19
MAT-22,Matok,Sanuk s.l.,L2014,65.82,13.60,6.33,1.22,3.32,3.82,3.18,1.36,0.08,0.31,0.50,,0.3,42,1561,1.6,0.4,25.4,0.9,71.4,155.8,,20.69,514,84.3,854,19.1,14.70,3.21,12.29,1.95,10.23,52.8,1.92,5.33,0.81,4.69,0.71,13,78,34,11,42,19
MAT-26,Matok,Sanuk s.l.,L2014,60.53,13.79,9.51,2.03,5.19,3.87,1.42,1.91,0.14,0.73,0.40,,,14,984,0.5,0.2,22.3,1.0,57.3,138.2,,18.66,564,77.4,580,13.9,13.53,3.29,12.49,1.95,10.26,53.7,1.93,5.33,0.79,4.74,0.71,22,180,,,,19
MAT-28,Matok,Sanuk s.l.,L2014,57.26,13.63,10.03,3.49,6.27,3.39,1.76,1.95,0.12,0.99,0.50,,0.7,38,1381,1.5,0.3,24.9,1.2,88.5,192.8,,25.35,800,102.4,399,9.1,16.85,4.17,13.79,2.08,10.77,54.5,1.99,5.50,0.86,5.00,0.74,20,176,103,27,83,21
MAT-29,Matok,Sanuk s.l.,L2014,61.06,14.12,7.40,2.63,5.18,3.95,1.99,1.50,0.10,0.66,1.00,,0.9,66,1018,1.2,0.2,18.5,0.8,62.6,135.0,,17.94,622,70.5,383,8.8,12.61,2.80,10.58,1.61,8.60,44.3,1.65,4.37,0.70,4.13,0.58,16,137,68,20,68,19
MAT-30,Matok,Sanuk s.l.,L2014,66.33,13.83,5.75,1.12,2.84,3.41,4.05,0.86,0.08,0.35,0.90,,2.2,105,1474,11.8,1.5,25.3,2.5,110.5,227.0,,27.63,476,102.2,436,11.8,16.59,3.88,13.85,2.30,12.57,66.3,2.42,6.90,1.10,6.79,0.98,14,65,,,,19
MAT-31,Matok,Sanuk s.l.,L2014,67.70,14.24,4.25,1.11,2.15,3.67,4.58,0.82,0.05,0.36,0.70,,2.1,129,1197,4.9,0.8,18.7,0.7,39.1,86.2,,11.33,403,45.7,449,10.6,9.62,1.97,7.94,1.29,6.83,31.9,1.27,3.66,0.53,3.17,0.49,8,62,34,9,49,21
MAT-33,Matok,Sanuk s.l.,L2014,69.05,13.63,4.10,1.16,2.25,3.93,3.59,0.84,0.05,0.34,0.70,,2.0,104,1201,4.8,1.2,17.3,1.0,58.6,126.4,,16.05,428,58.6,396,10.8,9.74,1.92,7.75,1.26,6.80,34.6,1.26,3.49,0.55,3.19,0.48,8,73,34,9,68,17
MAT-34,Matok,Sanuk s.l.,L2014,67.40,13.36,5.54,1.04,2.48,3.80,3.27,0.99,0.06,0.39,1.30,,1.6,100,1069,9.1,0.7,19.0,1.1,92.8,187.9,,20.50,439,70.0,429,11.0,9.49,2.29,7.45,1.16,6.06,32.8,1.15,3.21,0.50,3.24,0.49,8,66,,,,19
MAT-36,Matok,Sanuk s.l.,L2014,70.39,13.28,3.99,0.74,1.86,3.84,3.71,0.81,0.06,0.25,0.60,,0.2,67,2144,6.7,0.4,24.8,1.0,128.9,266.5,,31.31,408,110.0,600,15.7,16.45,3.12,12.68,1.91,9.95,51.1,1.82,5.21,0.78,4.71,0.69,9,47,21,6,81,18
MAT-38,Matok,Sanuk s.l.,L2014,66.32,13.55,5.53,1.40,2.83,3.14,3.58,1.15,0.08,0.62,1.40,,1.6,115,1242,4.9,0.5,25.2,1.2,105.1,198.4,,28.75,395,114.7,553,13.9,18.77,2.57,15.13,2.40,12.87,64.4,2.41,6.50,0.99,5.55,0.81,12,101,185,12,18,18
MAT-39,Matok,Sanuk s.l.,L2014,68.17,13.38,4.91,0.91,2.22,3.29,4.59,1.08,0.06,0.24,0.70,,0.8,96,1914,3.3,0.6,21.4,1.0,66.3,166.6,,19.98,456,78.9,996,24.7,13.59,2.42,11.12,1.81,9.64,54.1,1.91,5.40,0.86,4.96,0.76,9,79,103,9,9,17
MAT-40,Matok,Sanuk s.l.,L2014,65.40,13.79,5.90,1.17,2.61,3.24,4.49,1.26,0.08,0.38,1.20,,1.4,115,1650,7.0,0.8,30.0,1.3,92.4,249.3,,26.29,435,104.6,826,20.8,17.53,2.65,14.39,2.28,12.49,67.2,2.39,6.68,1.02,5.98,0.89,11,96,123,11,12,18
MAT-41,Matok,Sanuk s.l.,L2014,74.71,12.93,1.95,0.35,0.99,3.67,4.39,0.31,0.03,0.14,0.40,,2.6,191,626,6.6,1.0,14.0,1.2,58.6,122.7,,14.93,143,62.5,229,7.0,11.05,1.18,10.10,1.71,10.65,65.1,2.07,5.98,0.93,4.95,0.61,3,27,192,3,9,15
MAT-44,Matok,Sanuk s.l.,L2014,60.97,14.29,7.67,2.49,5.20,3.95,1.95,1.52,0.11,0.62,0.90,,0.9,68,931,1.4,0.3,20.0,1.0,66.1,150.3,,18.95,607,76.9,377,9.1,12.92,2.91,11.10,1.74,9.49,53.0,1.83,5.13,0.79,4.65,0.69,15,157,109,21,22,18
MAT-46,Matok,Sanuk s.l.,L2014,61.50,13.28,8.88,2.09,4.70,3.83,1.63,2.02,0.10,0.80,0.90,,1.4,68,490,0.6,0.5,37.6,1.7,43.8,120.9,,18.01,479,82.0,474,11.5,16.28,2.47,15.07,2.36,13.19,67.7,2.49,6.63,0.96,5.34,0.78,23,181,123,20,18,20
MAT-50,Matok,Sanuk s.l.,L2014,60.23,14.32,7.78,2.88,5.45,3.99,2.14,1.47,0.11,0.61,0.60,,1.3,91,1003,1.9,0.4,19.1,0.8,66.5,147.8,,18.60,632,75.0,415,9.7,12.28,2.63,10.01,1.55,8.58,46.8,1.60,4.47,0.70,4.05,0.59,16,159,103,22,25,19
MAT-51,Matok,Sanuk s.l.,L2014,61.49,13.91,7.78,2.41,4.72,3.63,2.61,1.78,0.12,0.80,0.40,,1.3,68,1348,2.6,0.4,25.0,1.1,79.9,175.6,,22.26,749,88.4,60,2.0,15.01,3.18,12.32,1.90,10.41,55.4,1.93,5.28,0.77,4.58,0.65,15,160,130,19,25,19
MAT-52,Matok,Sanuk s.l.,L2014,62.95,13.85,6.43,1.75,4.03,3.78,2.99,1.36,0.09,0.54,1.90,,1.3,68,1284,3.2,0.7,23.9,1.1,76.8,172.9,,21.79,545,87.2,414,9.6,14.34,2.96,11.78,1.82,9.92,54.9,1.88,5.33,0.80,4.75,0.69,13,110,103,14,18,19
MAT-53,Matok,Sanuk s.l.,L2014,62.57,14.01,7.28,1.88,4.37,3.81,2.89,1.65,0.10,0.66,0.40,,0.8,56,1351,1.6,0.7,25.1,1.1,78.1,175.5,,22.62,651,91.8,547,12.8,15.17,3.28,12.11,1.89,10.08,57.2,2.02,5.58,0.85,4.92,0.72,14,124,82,15,15,18
MAT-56,Matok,Sanuk s.l.,L2014,63.12,13.92,7.18,1.99,4.43,3.55,2.93,1.51,0.10,0.67,0.20,,0.5,57,1243,0.7,0.3,27.8,1.3,78.0,194.5,,25.45,520,102.1,497,11.9,16.82,2.99,13.08,2.09,11.47,65.5,2.25,6.38,1.00,5.86,0.86,14,127,75,16,16,18
MAT-57,Matok,Sanuk s.l.,L2014,64.34,13.77,6.27,1.81,3.94,3.42,3.63,1.35,0.09,0.54,0.50,,0.7,68,1365,1.4,0.5,29.6,1.2,80.5,194.1,,25.78,510,103.6,484,11.9,17.53,2.79,14.02,2.25,12.37,70.4,2.42,6.93,1.02,6.15,0.87,13,109,82,14,19,18
MAT-58,Matok,Sanuk s.l.,L2014,68.39,13.57,4.73,1.13,2.72,3.71,3.55,0.96,0.06,0.31,0.50,,0.5,76,1451,2.8,0.3,24.4,1.0,79.4,175.1,,21.99,379,86.2,511,12.5,14.64,2.54,12.41,1.95,10.61,56.3,2.03,5.54,0.80,4.42,0.63,14,70,130,8,13,18
MAT-59,Matok,Sanuk s.l.,L2014,67.51,13.75,5.07,1.31,3.14,3.90,3.16,0.99,0.07,0.34,0.40,,0.5,67,1232,2.1,0.4,21.0,0.8,77.9,170.6,,21.08,409,82.4,503,12.4,13.92,2.18,11.42,1.79,9.76,51.8,1.85,5.14,0.75,4.32,0.62,11,83,123,11,17,19
MAT-60,Matok,Sanuk s.l.,L2014,59.20,14.50,8.01,3.19,5.92,3.81,2.01,1.49,0.11,0.64,0.80,,0.9,65,759,1.2,0.4,18.5,0.8,60.2,132.4,,16.74,572,67.3,383,9.3,11.32,2.68,9.71,1.48,7.97,44.5,1.56,4.45,0.67,3.94,0.59,16,146,123,23,38,18
MAT-61,Matok,Sanuk s.l.,L2014,58.32,14.44,8.89,3.51,5.63,3.64,2.76,0.90,0.13,0.55,0.70,,0.4,66,1705,2.6,0.7,12.6,0.5,72.8,169.3,,22.54,920,91.9,230,5.5,13.36,3.10,9.41,1.32,6.91,38.1,1.29,3.68,0.57,3.57,0.53,18,156,123,24,33,18
MAT-62,Matok,Sanuk s.l.,L2014,66.32,13.82,5.59,1.54,3.33,3.75,3.26,1.16,0.08,0.40,0.30,,0.5,85,1527,1.1,0.3,28.6,1.3,62.6,149.5,,19.81,514,81.4,501,11.8,14.27,2.54,11.76,1.94,10.72,60.5,2.10,6.20,0.96,5.80,0.84,11,103,157,12,17,18
MAT-66,Matok,Sanuk s.l.,L2014,60.58,13.88,9.20,1.86,4.13,4.07,2.26,1.83,0.12,0.61,1.00,,0.2,49,1311,2.6,0.4,32.8,1.5,102.6,223.4,,29.15,680,125.2,855,18.0,19.72,4.38,16.05,2.41,13.27,70.1,2.55,7.31,1.08,6.50,0.94,18,136,96,19,13,20
MAT-67,Matok,Sanuk s.l.,L2014,56.61,13.53,10.93,2.82,6.15,3.63,1.78,2.43,0.16,1.12,0.40,,0.2,30,1200,1.2,0.4,28.0,1.4,96.5,222.8,,29.15,719,124.8,555,13.5,20.37,4.83,16.74,2.44,13.31,74.4,2.61,7.10,1.07,6.29,0.95,24,217,96,26,18,20
MAT-68,Matok,Sanuk s.l.,L2014,64.76,13.94,6.44,1.50,3.46,3.66,3.22,1.33,0.08,0.39,0.80,,0.6,74,1599,4.9,0.4,26.5,1.2,138.7,288.3,,32.97,487,125.8,779,17.6,18.27,3.11,13.98,2.04,11.13,61.2,2.13,5.85,0.88,5.20,0.75,14,109,116,13,13,19
BUL-12,Bulai,Sanuk(granite),L2011,71.48,14.43,2.25,0.74,2.27,2.86,4.60,0.38,0.02,0.14,0.50,,0.3,95,1956,24.2,1.1,4.0,0.1,45.1,74.4,,7.62,504,26.0,205,5.0,3.46,1.97,2.24,0.24,1.06,4.9,0.17,0.40,0.05,0.39,0.05,1,28,,5,5,18
BUL-13,Bulai,Sanuk(granite),L2011,72.60,14.58,1.16,0.40,1.74,3.34,5.24,0.18,0.02,0.08,0.50,,0.4,196,897,6.2,0.9,3.6,0.2,28.4,42.2,,4.31,230,15.0,114,3.6,2.31,1.19,1.59,0.22,1.08,6.4,0.19,0.48,0.08,0.40,0.07,2,17,,2,2,21
BUL-26,Bulai,Sanuk(granite),L2011,74.36,13.54,1.15,0.38,1.52,2.60,5.84,0.21,0.01,0.07,0.20,,0.4,124,622,45.4,2.2,2.9,0.2,30.0,48.9,,5.01,214,15.6,131,4.2,2.14,0.85,1.30,0.13,0.72,3.6,0.11,0.28,0.05,0.26,0.05,-1,22,14,2,3,16
MAT-20,Matok,Sanuk(granite),L2014,73.81,12.78,2.46,0.50,1.18,3.47,4.49,0.37,0.03,0.13,0.50,,2.7,184,522,6.7,0.8,11.0,0.6,50.5,106.4,,12.50,169,43.2,208,6.2,6.46,1.02,5.06,0.82,4.23,22.0,0.78,2.23,0.35,2.07,0.31,4,27,,,,15
MAT-23,Matok,Sanuk(granite),L2014,74.22,12.93,2.12,0.45,1.09,3.26,4.82,0.38,0.02,0.13,0.40,,1.3,128,803,3.9,0.5,4.7,0.3,67.3,114.5,,12.69,208,41.1,266,6.8,4.90,1.35,3.16,0.42,2.06,10.6,0.35,0.97,0.15,0.89,0.14,2,24,,3,20,15
MAT-24,Matok,Sanuk(granite),L2014,73.73,13.01,2.23,0.55,1.35,3.44,4.35,0.47,0.03,0.19,0.40,,1.7,155,868,4.7,0.5,11.2,0.6,37.5,92.8,,9.09,237,31.8,280,7.0,5.48,1.26,4.25,0.67,3.68,18.6,0.66,1.90,0.27,1.73,0.23,4,27,,,,16
MAT-32,Matok,Sanuk(granite),L2014,74.75,12.85,1.80,0.30,0.82,3.63,4.88,0.29,0.03,0.10,0.40,,5.3,223,667,9.4,1.8,14.4,1.1,48.4,121.2,,13.66,146,49.5,230,7.3,8.67,1.15,7.14,1.21,7.03,40.5,1.43,4.07,0.64,3.97,0.58,4,23,,,,17
MAT-63,Matok,Sanuk(granite),L2014,73.64,13.31,2.07,0.42,1.03,3.66,4.58,0.37,0.03,0.19,0.50,,1.0,176,698,5.7,0.5,13.7,0.7,44.3,92.9,,11.06,173,41.3,245,6.9,6.49,0.91,4.84,0.79,4.42,23.0,0.85,2.37,0.38,2.14,0.30,3,37,144,3,11,17
MAT-65,Matok,Sanuk(granite),L2014,74.88,12.81,1.85,0.41,1.11,3.37,4.46,0.35,0.03,0.12,0.40,,0.8,115,1058,9.1,0.7,9.1,0.3,65.6,132.1,,13.95,221,49.7,293,7.3,6.28,1.32,3.84,0.51,2.42,11.8,0.43,1.09,0.17,0.96,0.15,2,40,137,4,8,15
DWK-03,Duiwelskloof,TTG,L2012,71.51,14.93,2.31,0.76,2.63,4.72,1.54,0.24,0.05,0.10,0.62,99.48,3.4,62,379,1.5,0.8,6.0,0.4,11.2,21.1,7.6,2.30,367,8.5,164,4.4,1.76,0.55,1.54,0.24,1.44,8.3,0.29,0.84,0.14,1.00,0.17,3,14,22,4,6,16
DWK-04,Duiwelskloof,TTG,L2012,70.73,15.73,1.48,0.54,2.39,6.30,1.10,0.23,0.02,0.10,0.32,99.03,10.7,71,237,2.9,1.2,4.5,0.3,16.7,32.8,15.2,3.74,639,14.0,97,2.8,2.46,0.67,1.74,0.23,1.01,5.0,0.17,0.47,0.06,0.35,0.05,3,16,17,3,6,22
96/204b,GHR,TTG,K2000,74.76,14.72,0.50,0.10,2.09,4.48,3.11,0.04,0.01,0.03,,100.60,,58,969,2.4,1.2,,,8.4,17.0,,,382,8.0,45,,1.67,0.55,1.40,0.20,,10.0,,,,0.62,0.09,,,,,,
96/210,GHR,TTG,K2000,67.40,16.38,3.83,1.33,4.22,4.60,1.28,0.51,0.04,0.19,,100.27,,52,421,3.5,0.9,5.0,,36.8,78.0,,,537,28.0,196,,4.51,1.32,3.90,0.50,,15.0,,,,1.30,0.19,,,,,,
96/211,GHR,TTG,K2000,73.83,14.83,1.21,0.47,2.22,4.65,2.06,0.15,0.03,0.07,,100.03,,69,434,4.2,1.1,9.0,,19.0,40.0,,,258,18.0,94,,2.81,0.75,2.50,0.50,,17.0,,,,2.00,0.26,,,,,,
96/228,GHR,TTG,K2000,72.66,15.32,1.30,0.39,2.00,5.38,2.18,0.21,0.02,0.08,,99.86,,63,623,5.8,1.9,5.0,,47.2,96.0,,,914,34.0,169,,5.26,1.37,3.90,0.40,,11.0,,,,0.73,0.10,,,,,,
96/239,GHR,TTG,K2000,70.11,15.98,1.91,0.75,2.11,5.90,1.96,0.36,0.02,0.14,,99.68,,74,521,4.8,0.8,7.0,,38.7,77.0,,,1021,30.0,240,,4.10,1.13,3.20,0.40,,11.0,,,,0.77,0.08,,,,,,
96/246,GHR,TTG,K2000,69.50,16.71,2.11,0.70,3.03,6.03,0.98,0.31,0.03,0.10,,100.02,,71,267,1.5,0.4,,,15.0,37.0,,,1014,15.0,147,,1.96,0.59,1.50,0.20,,6.0,,,,0.21,0.06,,,,,,
96/247,GHR,TTG,K2000,68.55,16.12,2.95,1.12,2.93,5.06,1.69,0.42,0.04,0.14,,100.09,,126,475,2.4,1.0,,,19.8,48.0,,,808,20.0,118,,3.51,1.17,2.90,0.50,,10.0,,,,0.81,0.08,,,,,,
HRG-1,GHR,TTG,L2012,71.95,15.38,1.39,0.60,2.95,5.40,0.99,0.25,0.02,0.12,0.77,99.89,5.9,58,304,2.1,0.3,1.2,0.0,12.2,28.7,8.3,3.12,558,11.3,140,3.5,1.79,0.66,1.13,0.14,0.54,2.5,0.09,0.23,0.03,0.17,0.03,1,15,5,3,5,17
TR 66,GHR,TTG,KR2000,71.28,15.49,1.40,0.43,1.95,6.90,1.20,0.14,0.02,0.06,0.55,,,24,609,,,4.0,,,,,,952,,93,,,,,,,4.0,,,,,,,17,20,,,21
96/201,GLD,TTG,K2000,72.74,14.43,1.20,0.32,0.91,5.10,3.10,0.28,0.03,0.09,,98.94,,202,714,5.9,1.1,6.0,,30.8,64.0,,,517,25.0,189,,3.06,0.83,2.50,0.30,,7.0,,,,0.44,0.06,,,,,,
96/202,GLD,TTG,K2000,72.95,14.88,1.52,0.40,2.19,5.79,1.08,0.21,0.01,0.06,,99.55,,43,293,4.9,0.6,5.0,,23.3,44.0,,,488,17.0,153,,2.48,0.79,2.10,0.20,,8.0,,,,0.40,0.07,,,,,,
96/233,GLD,TTG,K2000,74.84,13.95,0.70,0.23,1.15,5.61,1.68,0.09,0.01,0.02,,98.84,,59,519,2.0,0.4,,,10.5,17.0,,,376,6.0,123,,0.86,0.60,0.70,0.10,,,,,,0.20,0.03,,,,,,
LET-G2,GLD,TTG,L2012,70.86,15.54,1.88,0.78,2.06,5.00,3.35,0.25,0.02,0.15,0.56,100.61,1.9,73,1299,5.5,0.4,3.1,0.1,34.2,61.4,18.6,6.53,658,22.4,194,5.1,3.44,0.99,2.37,0.31,1.42,6.7,0.26,0.68,0.08,0.54,0.08,3,15,7,3,5,17
LET-G3,GLD,TTG,L2012,69.78,16.12,2.34,0.91,3.23,5.23,1.66,0.38,0.03,0.15,0.46,100.29,4.0,97,554,4.1,1.1,5.2,0.2,32.2,62.2,12.3,5.12,853,24.6,247,6.1,3.70,1.20,2.95,0.34,0.96,8.1,0.23,0.56,0.07,0.51,0.07,3,20,14,5,7,22
MAK-G2,GLD,TTG,L2012,71.67,15.55,1.68,0.46,2.07,6.18,1.45,0.21,0.03,0.09,0.22,99.69,4.3,48,289,2.9,1.4,6.5,0.3,20.7,38.2,18.0,4.11,558,14.6,87,2.5,2.20,0.65,1.49,0.18,0.87,4.5,0.16,0.42,0.06,0.37,0.06,2,16,11,3,4,22
TR 62,GLD,TTG,KR2000,71.45,14.12,1.17,0.57,2.21,4.89,1.75,0.25,0.03,0.13,0.67,,,54,325,,,6.0,,,,,,895,,168,,,,,,,9.0,,,,,,,20,16,,,17
T-11,Turfloop,TTG,H2000,71.90,15.50,1.60,0.51,1.78,5.47,1.49,0.22,0.02,0.08,1.05,,2.4,49,499,2.5,0.9,3.3,0.3,17.9,32.2,9.5,3.50,565,13.0,120,3.1,2.50,0.76,1.67,0.22,1.16,5.8,0.20,0.48,0.07,0.42,0.06,,,,,,
T-12,Turfloop,TTG,H2000,66.70,15.90,3.78,1.55,3.84,4.79,1.61,0.39,0.05,0.18,1.00,,0.7,40,701,3.4,1.0,4.8,0.3,35.8,67.1,10.5,7.40,990,28.5,144,3.3,5.40,1.64,3.44,0.45,2.22,10.6,0.37,0.94,0.12,0.74,0.11,,,,,,
T-1A,Turfloop,TTG,H2000,72.50,15.20,1.40,0.50,2.00,5.30,1.90,0.18,nd,0.10,1.10,,2.5,77,608,4.0,1.3,4.4,0.4,19.4,33.2,14.4,3.40,423,12.1,114,3.0,2.30,0.66,1.58,0.23,1.13,5.6,0.20,0.46,0.06,0.37,0.05,,,,,,
T-2,Turfloop,TTG,H2000,68.50,16.60,2.41,1.20,2.46,5.42,1.99,0.38,0.03,0.19,0.45,,6.5,118,674,7.0,1.5,7.5,0.4,38.3,67.2,21.4,7.10,364,24.8,243,5.2,4.60,0.87,3.07,0.45,2.40,12.2,0.44,1.18,0.12,1.15,0.17,,,,,,
TUR-02,Turfloop,TTG,L2012,71.51,15.20,1.48,0.50,2.02,5.41,1.61,0.22,0.02,0.10,1.62,99.78,2.4,51,530,3.8,0.8,3.5,0.3,19.8,37.0,12.0,4.09,533,15.3,190,5.0,2.78,0.80,2.05,0.26,1.28,6.3,0.22,0.57,0.08,0.50,0.07,3,15,9,2,4,19
,,,,,,,,,,,,,,,,,,,,,,,,,,,,,,,,,,,,,,,,,,,,,,,
"References : H2000 (Henderson et al., 2000), K2000 (Kreissig et al., 2000), KR2000 (Kröner et al., 2000), L2012 (Laurent, 2012), L2011 (Laurent et al., 2011), L2014 (Laurent et al., 2014), JFM (unpublished data of J.-F. Moyen).",,,,,,,,,,,,,,,,,,,,,,,,,,,,,,,,,,,,,,,,,,,,,,,
GHR = Goudplaats-Hout River gneiss unit,,,,,,,,,,,,,,,,,,,,,,,,,,,,,,,,,,,,,,,,,,,,,,,
GLD = Groot-Letaba Duiwelskloof gneiss unit,,,,,,,,,,,,,,,,,,,,,,,,,,,,,,,,,,,,,,,,,,,,,,,